title,productDesc,sellerID,price
Towels - Paper / Kraft,Closed lung biopsy,A31,24.67
Carbonated Water - Peach,Bartholin's gland op NEC,A17,71.58
Tea - Honey Green Tea,Perc extrac com duc calc,A17,15.63
Pheasants - Whole,Lower GI series,A20,86.33
Berry Brulee,Correction fetal defect,A43,95.12
Foil Wrap,Incis cx to assist deliv,A34,22.68
Chef Hat 25cm,Clos branch cleft fistul,A44,16.47
Rye Special Old,Arth/pros rem wo rep-elb,A32,40.03
Appetizer - Assorted Box,Laparoscopic cholecystec,A49,28.33
Ecolab - Hobart Washarm End Cap,Cryosurg destr rect les,A40,94.74
Sauce - Hp,Allogrft bone marrow NOS,A43,96.94
Spice - Montreal Steak Spice,Suture of lip laceration,A20,52.18
"Tomatoes - Vine Ripe, Yellow",Parasitology-endocrine,A32,33.75
Wine - Chenin Blanc K.w.v.,Intracapsul lens ext NEC,A15,98.21
Compound - Orange,Urethral reanastomosis,A44,96.37
Chicken - White Meat With Tender,Tot abd colectmy NEC/NOS,A40,39.99
Beer - Mill St Organic,Electroretinogram,A01,25.16
Kiwi,Knee joint biopsy,A10,12.01
"Rum - Cream, Amarula",Excise femur for graft,A26,67.03
"Lamb - Leg, Diced",Local gastr destruct NEC,A32,48.36
Flour Dark Rye,Oth plastic repair palat,A37,90.78
"Bread - Rolls, Corn",Oth op on >l extraoc mus,A38,53.04
"Pork - Back, Short Cut, Boneless",Total dacryoadenectomy,A30,29.88
Wine - Chablis J Moreau Et Fils,Brief interview & evalua,A50,79.57
Nescafe - Frothy French Vanilla,Ophthalmoscopy,A26,90.77
"Bread - Dark Rye, Loaf",High-dose infusion IL-2,A41,12.04
Bagel - Plain,Gastroscopy NEC,A40,85.23
Cranberries - Fresh,Cl fx reduc-finger,A11,5.75
Wine - Prem Select Charddonany,Appl ext fix-tib/fibula,A29,62.55
Pastry - Banana Tea Loaf,Lap abdperneal resc rec,A26,6.15
Chinese Lemon Pork,Transposit hand tend NEC,A30,50.05
Stock - Fish,Incis cx to assist deliv,A37,69.52
Wine - Casablanca Valley,Oth vagin pessary insert,A15,80.18
Cleaner - Pine Sol,Type 3 tympanoplasty,A41,12.85
Onion - Dried,Gastropexy,A19,99.74
Kumquat,Rep cystocel w grft/pros,A38,63.97
Bread - Triangle White,C & s-lymph system,A50,97.35
Celery,Removal oth vag pessary,A37,3.63
Petite Baguette,Extracran-intracr bypass,A11,15.49
Salmon - Canned,Duodenal lacerat suture,A48,48.13
"Bread - Rolls, Corn",Laryngeal fistula clos,A44,94.61
"Brandy - Orange, Mc Guiness",Electrocardiogram,A49,43.33
Pate - Liver,Suture vulvar laceration,A19,28.05
Filling - Mince Meat,Paraurethral suspension,A17,67.2
Jolt Cola,Oth part ostectomy NOS,A48,88.16
"Lamb - Loin, Trimmed, Boneless",Intra-ab bowel manip NOS,A01,93.74
Oneshot Automatic Soap System,Suture ext ear lac,A21,33.37
Trueblue - Blueberry,Arbovirus vaccinat NEC,A11,62.69
Chickhen - Chicken Phyllo,Revis/reinsert ocul imp,A29,47.64
Crackers Cheez It,Skin & subq op NEC,A36,47.87
"Doilies - 8, Paper",Opn fx red w int fix NOS,A22,51.29
Syrup - Pancake,Aorta-renal bypass,A44,98.27
Slt - Individual Portions,Inject ca chemother NEC,A50,91.24
Lighter - Bbq,Pituitary biopsy NOS,A41,63.46
Wasabi Paste,Ocular thermography,A41,17.54
Mahi Mahi,Repair eyeball rupture,A38,76.72
Beer - Labatt Blue,Parathyroid reimplant,A01,94.97
Coffee - French Vanilla Frothy,Amputat through malleoli,A13,37.26
Hinge W Undercut,Partial shoulder replace,A44,32.05
Beans - Wax,Esophageal repair NEC,A30,49.39
Cloves - Ground,Thor abltn lung les/tiss,A21,11.8
Soup - Base Broth Chix,Divis glossopharyng nerv,A41,2.89
Wine - Hardys Bankside Shiraz,Rad electrocoag-rect les,A19,92.65
Wheat - Soft Kernal Of Wheat,Part gastrec w jej anast,A29,78.13
Sauce - Alfredo,Closed gastric biopsy,A20,79.09
Syrup - Pancake,Abdominal wall sinogram,A01,80.66
Sugar - Splenda Sweetener,Oth larynx dx procedure,A40,65.1
Carbonated Water - Peach,Testicular operation NEC,A36,13.38
Mussels - Frozen,Closed testicular biopsy,A49,25.12
Wine - Savigny - Les - Beaune,Other perfusion,A10,74.63
"Beef - Rouladin, Sliced",Lam keratplast w autgrft,A26,46.76
Bread - Rye,Oth rep int cervical os,A34,68.79
Compound - Passion Fruit,Puncture of lung,A48,33.49
Energy Drink - Franks Pineapple,Closure uterine fistula,A48,6.33
Wine - Chardonnay South,Rad node dissection NEC,A01,23.03
"Salt - Rock, Course",Retinal tear cryotherapy,A08,24.52
Flour - All Purpose,Bact smear-lymph system,A49,33.3
Cheese Cloth No 100,Perc robotic assist proc,A34,6.99
Rice Paper,Sm bowel-abd wall fixat,A31,93.52
Vegetable - Base,Rotation tests,A13,13.76
Ecolab - Hobart Upr Prewash Arm,Int fixation-metacar/car,A21,68.99
Wine - Magnotta - Bel Paese White,Urethral sphincter emg,A36,73.27
Ezy Change Mophandle,Adrenal nerve division,A38,27.7
Bandage - Fexible 1x3,Inject tendon of hand,A19,7.43
Bread Base - Gold Formel,Sialoadenectomy NOS,A26,6.29
"Lettuce - Mini Greens, Whole",Tot breech extrac NEC,A41,32.85
Flour - Semolina,Excise lg intestine les,A13,75.41
Water - Tonic,Abltn liver les/tiss NEC,A22,74.09
Lettuce - Green Leaf,Radical prostatectomy,A40,79.24
Soap - Hand Soap,Ureth/periureth op NEC,A32,61.23
Cheese - Ermite Bleu,Excis les tendon sheath,A31,93.2
Creme De Menthe Green,Laparoscopic liver bx,A01,34.45
Chocolate - Feathers,Diathermy,A01,6.51
Soup - Tomato Mush. Florentine,Gastric gavage,A08,77.23
Bagels Poppyseed,Close red-int fix toe fx,A32,70.57
Wine - Cousino Macul Antiguas,Vessel operation NEC,A17,2.67
"Star Anise, Whole",Oth dx proced-patella,A49,51.51
Bread - Burger,Reduction torsion testes,A43,87.79
Banana - Leaves,"Resrf hip,total-acet/fem",A13,3.1
"Mushroom - Morels, Dry",Thorac esophag anast NEC,A38,47.32
Wine - Chianti Classico Riserva,Endosc sphincterotomy,A50,51.34
Cabbage - Nappa,Application of splint,A36,61.13
Oil - Shortening - All - Purpose,Corneal operation NEC,A34,22.42
Buffalo - Striploin,Aorta-iliac-femor bypass,A20,58.84
Dc - Frozen Momji,"TRAM flap, pedicled",A26,67.65
"Tuna - Canned, Flaked, Light",Laparotomy NEC,A32,76.56
Onions - Cooking,Pyloromyotomy,A01,22.51
Wine - Montecillo Rioja Crianza,Perc angio intracran ves,A19,41.24
Soup - French Onion,Arth/pros rem wo rep-hnd,A43,66.07
Flour - So Mix Cake White,Heart aneurysm excision,A36,92.08
"Crab - Claws, 26 - 30",Dressing of wound NEC,A31,33.86
"Juice - Orange, Concentrate",Ligation esoph varix,A22,86.71
Grand Marnier,Replace vag/vulv packing,A19,99.15
Green Scrubbie Pad H.duty,Cranial osteoplasty NEC,A31,86.31
"Appetizer - Mini Egg Roll, Shrimp",Adductor tenotomy of hip,A41,89.08
Hipnotiq Liquor,Simple suture of dura,A31,65.88
Beef - Ox Tongue,Thoracospc pneumonectomy,A32,21.9
Cheese - Ermite Bleu,Open osteoplas mand rami,A01,25.55
Mince Meat - Filling,Opn bi dr/in ing hrn NEC,A40,64.78
Loquat,Unilat breast implant,A36,51.98
Glaze - Apricot,Contr phlebogram-pulmon,A08,66.8
Everfresh Products,Cran nerv root decom NEC,A32,86.98
Wine - Penfolds Koonuga Hill,Prosthetic evaluation,A48,12.55
Pasta - Agnolotti - Butternut,Metatar/tar wedg osteot,A13,29.96
Oxtail - Cut,Other orthodontic operat,A36,73.62
Cleaner - Pine Sol,Remov other urin device,A21,86.66
Muffin Mix - Banana Nut,Hepatic injection NEC,A49,9.95
Tray - 16in Rnd Blk,Bony palate biopsy,A19,73.51
Apple - Custard,Frontal sinusectomy,A48,51.17
Chicken - Bones,Coag factor transfusion,A49,93.31
Basil - Fresh,Abdperneal res rectm NOS,A15,99.38
Otomegusa Dashi Konbu,Fallopian tube insufflat,A41,21.74
Prunes - Pitted,Pedicle attach to mouth,A30,63.84
Rice - Brown,Oth cerv fusion ant/ant,A11,53.57
Bread - Flat Bread,Meninge vessel ligation,A17,3.36
Cream - 18%,Comb heart/lung transpla,A29,13.46
Longos - Grilled Veg Sandwiches,Transjugular liver bx,A37,47.21
Pastry - Apple Muffins - Mini,Diather/cryo turbinectom,A31,73.89
Nantucket Orange Juice,Clos endosc ureteral bx,A11,45.7
"Seedlings - Buckwheat, Organic",Retinal tear xenon coag,A20,33.49
Clams - Bay,Bile duct anastomos NEC,A10,55.49
Chocolate - Sugar Free Semi Choc,Open fx reduction NEC,A44,45.28
Sauce - Hollandaise,C & s-female genital,A29,33.83
Island Oasis - Banana Daiquiri,Cell blk/pap-female gen,A26,39.77
Jolt Cola - Red Eye,Excise int mammary node,A31,6.37
Cornish Hen,Micro exam-periton NEC,A34,63.39
Higashimaru Usukuchi Soy,Opn bx larynx or trachea,A20,83.76
Olives - Stuffed,Systemic-pulm art shunt,A31,46.04
Apricots - Halves,"Int insert 1-cham, non",A29,46.65
Tomatoes - Orange,Other tenonectomy,A44,33.85
Turnip - Wax,Dx aspirat-ant chamber,A48,54.28
Sausage - Blood Pudding,Repair facial weakness,A32,12.21
Tandoori Curry Paste,Closed brain biopsy,A26,93.58
Beans - French,Oth lo vision aid dispen,A26,50.5
Mix - Cappucino Cocktail,Micro exam NOS,A01,58.21
Pasta - Agnolotti - Butternut,Inject rh immune globul,A44,20.37
Duck - Legs,Respiratory measure NEC,A13,6.47
"Wine - Red, Cabernet Sauvignon","Hip surface, metal/metal",A19,95.25
Pails With Lids,Rad node dissection NOS,A41,86.68
Bread - Triangle White,Epididymovasostomy,A20,50.56
Extract - Raspberry,Tonometry,A50,80.71
Butter Ripple - Phillips,Gracilis musc transplan,A08,17
Ice Cream - Vanilla,Suture entropion repair,A48,81.61
Macaroons - Homestyle Two Bit,Rectal resection NEC,A01,8.93
Table Cloth 54x72 White,Testicular les destruct,A49,52.87
Pastry - Banana Muffin - Mini,Facial bone biopsy,A50,14.95
Coconut Milk - Unsweetened,Excision of hydrocele,A43,60.87
Tequila Rose Cream Liquor,Periph nerve inject NOS,A36,62.92
"Orange - Canned, Mandarin",Epiglottidectomy,A40,80.42
"Vermacelli - Sprinkles, Assorted",Antitoxin administra NEC,A11,94.83
Tequila Rose Cream Liquor,Endosc retro pancreatog,A11,69.14
"Oil - Food, Lacquer Spray",Conjunctival op NEC,A13,80.6
Bread - Burger,Endosc dil pancreat duct,A08,41.89
Grapes - Red,Resect abdm aorta w repl,A10,25.09
Cheese - Cheddarsliced,Lap gastroenterostomy,A32,53.64
"Beef - Bones, Cut - Up",Alcoholism counselling,A32,99.81
Mountain Dew,Digital exam of uterus,A26,48.64
Devonshire Cream,Freeing of vessel,A08,1.57
Wine - Delicato Merlot,Cell block/pap-eye,A49,87.4
Salt And Pepper Mix - White,Iridoplasty NEC,A48,84.98
Broom Handle,Excision of ankle NEC,A37,44.31
Star Fruit,Lg bowel segment isolat,A20,96.48
Bread - White Epi Baguette,Arthrodesis NOS,A17,22.46
"Lemonade - Mandarin, 591 Ml",Release of chordee,A49,74.91
Bread - Sour Sticks With Onion,Bunionectomy NEC,A11,36.92
Blouse / Shirt / Sweater,Facial bone dx proc NEC,A40,75.43
"Lemonade - Strawberry, 591 Ml",Opn reduc disloc-ft/toe,A37,72.54
Bagelers - Cinn / Brown,Partial sialoadenectomy,A22,2.1
Breakfast Quesadillas,Activ musculosk exer NEC,A30,45.59
Food Colouring - Pink,Tendon advancement,A50,7.32
Bread - English Muffin,Impedance phlebogram,A19,55.99
"Juice - Grape, White",Other glossotomy,A17,11.23
"Schnappes - Peach, Walkers",Vascular cath irrigation,A20,61.36
Olives - Kalamata,Ing hernia rep-graft NOS,A44,35.91
Lettuce - Curly Endive,Thorac seg lung resect,A38,61.29
"Salmon - Smoked, Sliced",Thyroid reimplantation,A32,71.18
Wine - Duboeuf Beaujolais,Wide excision of lip les,A36,34.73
"Arctic Char - Fresh, Whole",Drain appendiceal absc,A10,42.78
Bar Mix - Lemon,Suture gastric lacerat,A08,36.68
Table Cloth 62x114 White,Toxicology-op wound,A17,60.3
"Juice - Apple, 1.36l",Reattach amputated ear,A38,73.76
"Arctic Char - Fresh, Whole",Remov small bowel tube,A31,19.76
"Oil - Truffle, Black",Int fixation-metatar/tar,A01,82.51
Orange - Tangerine,Excis metatar/tar-graft,A31,86.63
Clementine,"Int insert 1-cham, rate",A40,31.04
Asparagus - Mexican,Lap hern ant abd-gft NEC,A20,43.93
Truffle Shells - White Chocolate,Nasal dx proc NEC,A36,31.67
Muffin Mix - Carrot,Abd region dx proc NEC,A32,77.49
Browning Caramel Glace,Dx proc mediastinum NEC,A41,22.63
Duck - Legs,Periton pneumogram NEC,A32,79.24
Bread - Corn Muffaletta,Choledochoenterostomy,A41,49.8
"Beans - Black Bean, Dry",Other appendectomy,A22,39.35
"Veal - Inside Round / Top, Lean",Insert bone stimul NEC,A40,10.09
Brandy Cherry - Mcguinness,Revis enuc socket w grft,A44,93.5
Truffle Cups Green,Gallbladder anastom NEC,A50,75.69
Parsley - Fresh,Periph nerve inject NEC,A01,91.15
Ecolab Crystal Fusion,Dorsal/lat slit prepuce,A26,54.34
Sugar - White Packet,Bilat endosc crush tube,A13,74.73
Tarts Assorted,Thoracic duct op NEC,A19,49.23
Oil - Olive,Remov other urin device,A49,1.49
Lettuce - Belgian Endive,Tonsil&adenoid dx op NEC,A41,99.34
Lettuce - Spring Mix,Loc excis esoph divertic,A41,87.3
"Jam - Strawberry, 20 Ml Jar",Humerus division NEC,A38,71.35
Cookie Dough - Chunky,Int fixation-metatar/tar,A08,62.44
Lemon Balm - Fresh,Tot repair tetral fallot,A36,72.44
Nantucket Pine Orangebanana,Creat peritoneovas shunt,A17,55.66
Apricots - Halves,Lid reconstr w graft NEC,A21,36.79
Crush - Cream Soda,Periren/uret dx proc NEC,A48,54.06
Cheese - Goat With Herbs,Other therapeutic ultsnd,A10,62.62
Towel Dispenser,Remov ext immobilization,A37,72.31
Corn Meal,Corneal scrape for smear,A31,9.19
Flower - Commercial Spider,Forcib correct defor NEC,A31,72.58
Pork Loin Cutlets,Other tendon transposit,A08,87.1
Cabbage - Savoy,Closed pulmon valvotomy,A15,52.34
Chocolate Bar - Reese Pieces,Contrast epididymogram,A30,45.91
Truffle Cups - White Paper,Esophagomyotomy,A11,43.03
"Wine - Red, Colio Cabernet",Remov small bowel tube,A44,97.78
Kumquat,Part thyroidectomy NEC,A26,62.74
Pears - Bosc,Incision uterine septum,A22,34.97
Garlic,Abdominal proctopexy,A17,54.57
Sun - Dried Tomatoes,Cholera vaccination,A41,77.74
Bread Cranberry Foccacia,Serum transfusion NEC,A43,99.96
Beer - Paulaner Hefeweisse,Opn mitral valvuloplasty,A29,39.95
Longos - Chicken Wings,Suture urethral lacerat,A43,87.03
Energy Drink - Franks Original,Repair of uvula,A31,88.5
Beef - Tenderloin - Aa,Intestinal x-ray NEC,A34,21.64
Turnip - Mini,Ileostomy NOS,A22,58.2
Ice Cream - Super Sandwich,Ex cereb meningeal les,A49,83.61
Dooleys Toffee,Transposit hand tend NEC,A34,14.99
"Chicken - Leg, Boneless",Allotrnsplnt islets lang,A17,9.16
Lemon Tarts,Open fx site debride NEC,A34,3.95
Soup Campbells - Tomato Bisque,Open pancreatic biopsy,A11,31.3
Snails - Large Canned,Elevate skull fx fragmnt,A15,38.59
"Beans - Black Bean, Canned",Hip synovectomy,A40,42.56
Sauce - Chili,Ob tamponade uterus/vag,A44,61.09
Chocolate - Mi - Amere Semi,Perianal biopsy,A48,65.46
Wine - Placido Pinot Grigo,Bone scan,A41,7.92
Mahi Mahi,Tu remov ureter obstruct,A29,81.55
Bread - Focaccia Quarter,Radius/ulna inj op NOS,A30,43.86
Milk - Skim,Cardiotomy,A20,46.57
Cheese - Sheep Milk,Imp/rep lead lf ven sys,A19,21.44
"Tortillas - Flour, 8",Large bowel incision,A31,60.6
Coffee - 10oz Cup 92961,Tot rep truncus arterios,A17,8.23
Beer - Corona,Excision acoustc neuroma,A21,64.25
"Mushroom - Oyster, Fresh",Upper limb lymphangiogrm,A48,53.13
Ostrich - Prime Cut,Implant chemothera agent,A50,18.36
"Turnip - White, Organic",Rev knee replacemt-total,A49,99.81
Chicken - Livers,Correction fetal defect,A22,33.81
Mustard - Individual Pkg,Trabeculotomy ab externo,A36,33.57
Longos - Assorted Sandwich,Open ureteral biopsy,A38,92.83
Cabbage - Nappa,Lap salpingo-oophoroplas,A36,66.1
Cornish Hen,Remove intralum ureth FB,A50,27.12
Bread Base - Italian,Revis enuc socket w grft,A11,38.76
Island Oasis - Raspberry,Close sm bowel fist NEC,A50,27.92
Potatoes - Peeled,Suture cord & epid lacer,A50,9.08
Lamb Rack Frenched Australian,Culture-female genital,A15,41.14
Alize Sunset,Catarac phacoemuls/aspir,A15,58.57
Guinea Fowl,Appl ext fix-tib/fibula,A10,99.98
Flour - Bread,Bile duct anastomos NEC,A15,89.31
Carroway Seed,Culture-endocrine,A11,3.41
Soup - Campbells Chili,Ultraviolet light therap,A08,80.88
Scallop - St. Jaques,Oth part ostectomy NOS,A08,57.16
"Wine - Saint - Bris 2002, Sauv",Anoscopy,A29,4.41
Pork - Suckling Pig,Heterograft to skin,A40,14.31
Grand Marnier,Excision of nipple,A11,83.41
"Stock - Chicken, White",Oth metac/carp rep/plast,A43,83.44
Oneshot Automatic Soap System,Annuloplasty,A26,76.87
Wine - Rioja Campo Viejo,Other isotope function,A17,39.08
"Iced Tea - Lemon, 460 Ml",Replac ves-to-ves cannul,A31,37.92
Steampan Lid,"Repl joint of foot, toe",A26,43.28
Pie Shell - 9,Sympathetic nerve op NEC,A32,9.66
Chip - Potato Dill Pickle,Amputation thru humerus,A50,57.5
Cod - Black Whole Fillet,Psychia commitment eval,A50,59.85
Watercress,Fus/refus 9 vertebrae,A19,35.39
Apple - Custard,Manual assist deliv NEC,A11,98.26
Egg Patty Fried,Bony palate biopsy,A36,11.98
Tea - Green,Leg artery resec w repla,A13,82.54
"Soup - Campbells, Spinach Crm",Anal biopsy,A31,65.29
"Veal - Inside, Choice",External ear biopsy,A48,9.94
Cod - Fillets,Closed adrenal gland bx,A10,83.12
Rice - Long Grain,Totl reconst breast NEC,A49,79.08
Hinge W Undercut,Endocar cushion rep NEC,A11,33.45
Beef - Inside Round,Subtalar fusion,A20,16.2
Kiwano,Cl fx reduc-finger,A22,73.71
Bread - Assorted Rolls,Oth remove remain ovary,A10,83.16
Coffee Beans - Chocolate,Toxicology-integument,A44,28.82
Red Pepper Paste,Tympanostomy tube remove,A17,52.89
Calypso - Strawberry Lemonade,Extracap lens extrac NEC,A11,89.85
Wine - Merlot Vina Carmen,Implant leg prosthesis,A11,95.72
Lettuce - Sea / Sea Asparagus,Insert antimicrobial env,A50,89.86
Wine - Chateau Bonnet,Amputation NOS,A41,46.79
"Wine - Saint - Bris 2002, Sauv",Debrid open fx-humerus,A15,90.59
Wine - Touraine Azay - Le - Rideau,Other muscle/fasc suture,A21,90.63
Wine - Saint Emilion Calvet,Urethral dilation,A17,4.29
Beans - Kidney White,Parasitology NOS,A19,8.72
Bay Leaf Fresh,Refusion of spine NEC,A30,96.06
Pear - Prickly,Tendon pulley reconstruc,A41,17.17
Spinach - Packaged,Cath drain-pancreat cyst,A43,39.26
Cheese - Brie Roitelet,Remov intralum nose FB,A43,14.37
Muffin - Mix - Strawberry Rhubarb,Blood expander transfus,A01,53.66
Wine - Saint Emilion Calvet,"Hip surface, metal/metal",A22,23.18
Icecream - Dstk Cml And Fdg,Stern esophagoesophagost,A38,53.79
Coffee - Decaffeinato Coffee,Bact smear-nervous syst,A26,41.4
"Loaf Pan - 2 Lb, Foil",Total exc pituitary NOS,A37,88
Salt - Seasoned,Ultraviolet light therap,A19,42.58
Bread - Multigrain,Oth heart revascular,A22,59.41
Arizona - Plum Green Tea,Truncal vagotomy,A48,61.25
Dawn Professionl Pot And Pan,Full-thick hand skin grf,A32,16.87
Mace Ground,Periren/ureteral biopsy,A41,15.65
Straws - Cocktale,Interruption vena cava,A41,24.97
"Sauce - Soya, Dark",Endomet synechiae divis,A34,18.59
"Wine - Red, Gallo, Merlot",Augment mammoplasty NOS,A32,37.87
"Oil - Shortening,liqud, Fry",Facial bone reconstr NEC,A26,70.43
Tea - Camomele,Adhesiolysis ovary/tube,A32,33.66
V8 Splash Strawberry Kiwi,Anal fistulectomy,A19,17.79
Grand Marnier,Vagin/cul-de-sac dx NEC,A01,29.2
Gelatine Powder,Other tenotomy,A31,39.81
Wine - Ruffino Chianti,Drug addict counselling,A08,55.4
Salmon Atl.whole 8 - 10 Lb,Psychiat mental determin,A31,33.76
Wine - Magnotta - Belpaese,Esophageal web incision,A30,37.31
Parasol Pick Stir Stick,Unilateral vulvectomy,A10,39.81
Skirt - 29 Foot,Vaginal suspens & fixat,A32,24.41
Pork - European Side Bacon,Suture bladder lacerat,A13,11.03
Sauce Bbq Smokey,Remove ocular implant,A11,3.6
Chinese Lemon Pork,Implant chemothera agent,A20,67.47
Pants Custom Dry Clean,Comprehensive consultat,A11,40.9
Pepper - Cayenne,Rem extratub ectop preg,A11,17.8
Steam Pan - Half Size Deep,Vaginal douche,A41,28.54
Toothpick Frilled,Part breech extract NEC,A50,94.24
"Cheese - Cheddar, Mild",Retinal tear repair NEC,A01,7.22
"Pepper - Red, Finger Hot",Incision of cervix,A10,38.55
"Hickory Smoke, Liquid",Bronchial ligation,A34,26.03
Pike - Frozen Fillet,Injct/inf immunoglobulin,A50,15.83
Cabbage - Red,Replantation of penis,A38,78.18
"Lemonade - Kiwi, 591 Ml",Amputation stump revis,A38,23.38
Beef - Kobe Striploin,Suture urethral lacerat,A08,99.06
Veal - Loin,Comb alcohol/drug rehab,A41,84.93
Muffin - Banana Nut Individual,Revise disc prost cerv,A21,85.27
Pastry - Trippleberry Muffin - Mini,Yellow fever vaccination,A01,15.37
Egg - Salad Premix,Open reduc-dislocat NEC,A08,46.64
Tomatoes - Heirloom,Extraoc musc-tend biopsy,A11,17.33
Wine - Sogrape Mateus Rose,Dilation of rectum,A48,67.23
Chickensplit Half,Low forceps w episiotomy,A17,25.04
Pork - Sausage Casing,Rem extratub ectop preg,A17,37.25
Tray - 16in Rnd Blk,Hand fasciectomy NEC,A08,98.01
"Lamb - Shoulder, Boneless",Cls reduc-sep epiphy NEC,A50,12.77
Lid - 0090 Clear,Sympathetic nerve biopsy,A32,49.01
Pants Custom Dry Clean,Fasciotomy,A20,41.07
Tamarillo,Remov biliary/liver tube,A32,24.65
Chickhen - Chicken Phyllo,Lengthen 1 extraoc musc,A43,81.69
Smirnoff Green Apple Twist,Decompression chamber,A37,52.76
Longos - Grilled Salmon With Bbq,Facial bone sequestrect,A49,48.23
Tuna - Salad Premix,Incisional hernia repair,A41,72.9
Vaccum Bag 10x13,Serum transfusion NEC,A48,78.92
Plastic Arrow Stir Stick,Insert biological graft,A22,58.14
Pepperoni Slices,Excise patella for graft,A44,93.3
"Nut - Pistachio, Shelled",Other part laryngectomy,A30,81.23
Flower - Commercial Spider,Nephrost/pyelost irrigat,A21,71.86
"Jam - Strawberry, 20 Ml Jar",Bilat endosc divis tube,A50,90.36
Potatoes - Fingerling 4 Oz,Fus/refus 2-3 vertebrae,A10,72.48
Bread - Kimel Stick Poly,Lap salpingo-oophoroplas,A15,30.14
Syrup - Monin - Blue Curacao,Transab proctosigmoidosc,A01,34.05
Mini - Vol Au Vents,Cystotomy & adhesiolysis,A37,66.53
"Pork - Chop, Frenched",Bone graft-radius/ulna,A38,44.83
Cheese - Augre Des Champs,Exploratory laparotomy,A29,73.88
V8 - Berry Blend,Thomas' splint traction,A31,34.94
Wine - Pinot Noir Mondavi Coastal,Leg artery resec w repla,A49,96.09
Wine - German Riesling,Insert antimicrobial env,A34,28.36
Syrup - Kahlua Chocolate,Clos reduct tm dislocat,A36,68.13
Coffee Caramel Biscotti,Ureteroneocystostomy,A36,36.59
Foil Wrap,Pneumoperit-lung collaps,A17,64.82
"Bread - White, Unsliced",Repair retina detach NEC,A31,59.89
Muffin - Banana Nut Individual,Gastric diagnos proc NEC,A26,93.79
Mix - Cocktail Strawberry Daiquiri,Repair rectovag fistula,A22,84.41
Papadam,Corneal transplant NOS,A32,67.04
Chips - Assorted,Tot exc pituit-transfron,A01,28.76
Juice - Prune,Trigeminal nerv division,A08,83.72
Apple - Fuji,Above knee amputation,A31,90.24
Bag Clear 10 Lb,Spine tract w skull dev,A36,82.08
Compound - Rum,Endo pulm arwy flow msmt,A19,79.28
"Quail - Eggs, Fresh",Close gastric fistul NEC,A11,98.26
Tuna - Bluefin,Other bronchoscopy,A08,7.09
Sugar - White Packet,Cranial puncture NEC,A32,50.7
Tofu - Firm,Rect/perirect dx op NEC,A40,66.4
Ice Cream - Vanilla,Percutan aspiration gb,A10,89.15
Energy Drink,Tot substern thyroidect,A49,75.35
Soup - Cream Of Broccoli,GI ostomy irrigation,A36,32.99
"Schnappes - Peach, Walkers",Limb length-metacar/car,A26,55.27
Veal - Heart,Remov intralum ear FB,A26,25.56
Island Oasis - Strawberry,Cervical les destruc NEC,A49,83.49
Cake - Lemon Chiffon,Cls red-tibia/fib epiphy,A19,98.45
Wine - Bouchard La Vignee Pinot,Radius/ulna wedg osteoto,A30,61.22
Pasta - Orecchiette,Facial bone reconstr NEC,A17,95.25
Plasticknivesblack,Shoulder arthroplast NEC,A31,44.04
Sultanas,Opn bil ind ing hern NEC,A50,97
"Pork - Bacon,back Peameal",Cell blk/pap-integument,A43,25.58
Milk 2% 500 Ml,Aquapheresis,A13,95.52
Halibut - Fletches,Gas hysterosalpingogram,A41,9.06
"Beef - Rib Roast, Capless",C & s-lower GI,A19,23.46
Strawberries,Urethrotomy,A41,27.17
"Water, Tap",Systemic-pulm art shunt,A10,44.23
"Wine - Niagara,vqa Reisling",Open liver biopsy,A11,9.51
Soup Campbells Turkey Veg.,Salpingo-oophorostomy,A26,61.79
Apple - Royal Gala,Dyslexia training,A49,56.9
Beef Striploin Aaa,Lap pull-thru res rectum,A15,13.78
Dried Apple,Clos red-int fix humerus,A22,84.96
Kippers - Smoked,Thymus transplantation,A49,77.82
Wiberg Super Cure,Nasal dx proc NEC,A50,45.83
Cookies - Englishbay Oatmeal,Stern lg bowel interpos,A30,40.68
"Soup - Campbells, Cream Of",Other local destruc skin,A15,49.78
Calvados - Boulard,Ins totl disc pros lumb,A01,28.63
Gatorade - Lemon Lime,Insert bone stim-patella,A43,44.14
Pork Loin Cutlets,Resistive exercise,A21,73.99
Beer - Original Organic Lager,Insert intestinal tube,A11,27.09
Wine - Chardonnay South,Closure of anal fistula,A50,48.85
Salmon Steak - Cohoe 8 Oz,Oth dx proc-tibia/fibula,A29,94.15
Beef - Salted,Clos transureth bladd bx,A34,20.37
Soup - Campbells - Tomato,Vessel resect/replac NOS,A37,76.27
Momiji Oroshi Chili Sauce,Peripheral nerve ops NEC,A22,36.94
Wine - Chateau Bonnet,Toxicology-bili/pancreas,A01,75.7
Bread Base - Gold Formel,Stereo radiosurgery NOS,A36,14.71
Dried Figs,Culdotomy,A34,16.74
Soup Bowl Clear 8oz92008,Insert colonic stent NEC,A22,47.23
"Tart Shells - Barquettes, Savory",Destruct larynx les NEC,A01,7.02
Cheese - Victor Et Berthold,Oth endo proc oth vessel,A43,42.74
"Soup - Knorr, Chicken Gumbo",Interruption vena cava,A22,61.67
Flour - Chickpea,Permanent colostomy,A21,84.84
"Wine - White, Colubia Cresh",Thoraco robotic ast proc,A20,49.94
Wine - Pinot Grigio Collavini,Other chest cage incis,A32,13.53
Cheese - Pied De Vents,Excise tib/fib for graft,A31,16.15
Appetizer - Assorted Box,Clos biliary fistul NEC,A13,35.31
Figs,Excision of uvula,A22,5.2
Island Oasis - Strawberry,Therapeut evac ant chamb,A29,84.8
Wine - Winzer Krems Gruner,Ext audit canal reconstr,A10,18.17
"Nut - Walnut, Pieces",Parathyroid scan,A38,75.83
Pork - Back Ribs,Endosc sphincterotomy,A38,11.79
Sage - Ground,Hemorrhage control NOS,A34,95.87
Cheese - Brie Roitelet,Radical vag hyst NEC/NOS,A13,63.06
Broom Handle,Remov intralum uter FB,A20,30.22
Bread - Malt,Intracran pressure montr,A20,60.19
Rabbit - Whole,Mri spinal canal,A15,58.9
Juice - Ocean Spray Cranberry,Adenoidectomy,A36,99.02
Goat - Whole Cut,Allogrft bone marrow NOS,A15,11.78
Steampan - Lid For Half Size,Digital exam of uterus,A50,59.13
Flour - Pastry,Uterus/adnexa repair NEC,A11,75.47
"Iced Tea - Lemon, 460 Ml",Endosc inser panc stent,A37,73.7
Wine - Gato Negro Cabernet,Psychiat mental determin,A49,35.11
Cheese - Grie Des Champ,Intra-abdomin shunt NEC,A21,11.82
Nescafe - Frothy French Vanilla,Injection into tendon,A36,46.43
Beef - Tenderloin,Thyr/parathy dx proc NEC,A34,74.22
Calypso - Black Cherry Lemonade,Interview & evaluat NEC,A38,30.3
Wine - Magnotta - Belpaese,Occlude leg vein NEC,A29,43.91
Salt - Seasoned,Fasciotomy of hand,A11,31.44
"Wine - Red, Wolf Blass, Yellow",Opn/oth rep tcspd vlv-ts,A30,37.74
"Wine - Red, Concha Y Toro",Remov intralum rect FB,A48,41
Towel - Roll White,Anal/perian dx proc NEC,A08,93.67
Soho Lychee Liqueur,Clo endosc bx bile duct,A08,47.77
Grand Marnier,Penile operation NEC,A10,16.52
Appetizer - Cheese Bites,Lg bowel exteriorization,A17,31.71
Watercress,Testes dx procedure NEC,A15,26.51
"Split Peas - Green, Dry",Local vulvar excis NEC,A17,35.02
Cheese - Comtomme,Gastroscopy thru stoma,A49,47.17
"Bread - Crumbs, Bulk",Radius/ulna wedg osteoto,A43,9.15
"Coke - Classic, 355 Ml",Endo pulm arwy flow msmt,A36,69.94
Mustard Prepared,"Exc/dest hrt les, thrspc",A20,80.8
Jolt Cola - Red Eye,Perf keratopl w autogrft,A20,89.39
Table Cloth 90x90 Colour,Interphalangeal fusion,A17,95.9
Cookie Double Choco,Micro exam-integumen NEC,A48,69.54
Beer - True North Strong Ale,Rev hip repl-acetab comp,A08,15.26
Bread - Pumpernickel,Soft tissue aspirat NEC,A11,49.32
Ecolab - Hobart Washarm End Cap,Part breech extract NEC,A01,25.42
Bread Base - Gold Formel,Trnsapcl rep aortc valve,A08,40.86
Beef - Eye Of Round,Excis cyst duct remnant,A21,62.12
Muffins - Assorted,Trnsapcl rep aortc valve,A44,85.56
Cheese - Cream Cheese,Ophthalmoscopy,A32,62.97
Papayas,Pelvic evisceration,A38,55.4
Oven Mitt - 13 Inch,Bursectomy of hand,A48,34.44
Bar - Granola Trail Mix Fruit Nut,Open red-sep epiphy NEC,A48,10.1
"Soup - Knorr, Chicken Noodle",Mediastinal tracheostomy,A19,84.62
Rabbit - Legs,Peritonsillar i & d,A37,30.37
Cheese - Oka,Thoracic endarterectomy,A38,88
Compound - Strawberry,Open reduction-finger fx,A40,9.31
Chocolate - Liqueur Cups With Foil,Intra-op neurophys montr,A38,35.51
Neckerchief Blck,Hysteroscopy,A37,30.19
Peach - Halves,Limb length proc-humerus,A26,66.1
"Tart Shells - Sweet, 2",Arth/pros rem wo rep-hip,A13,87.44
Foie Gras,Whole blood transfus NEC,A32,11.1
Ginger - Crystalized,C & s-lower GI,A50,28.7
Appetizer - Cheese Bites,Adhesiolysis mus/ten/fas,A13,85.2
Trueblue - Blueberry 12x473ml,Other tendon transposit,A21,9.36
"Napkin - Beverge, White 2 - Ply",Other excision of lung,A50,29.66
"Chicken - Leg, Fresh",Cl red-int fix metac/car,A37,10.09
"Nut - Pistachio, Shelled",Cystostomy closure,A34,76.34
Cheese - Gouda Smoked,Implt cardiodefib genatr,A41,28.36
"Turkey - Breast, Smoked",Remov intralum gastr FB,A44,28.94
"Marjoram - Dried, Rubbed",Lap pull-thru res rectum,A21,41.87
English Muffin,Lap pt ex lrg intest NEC,A48,19.15
"Bread - Roll, Soft White Round",Finger injury op NOS,A34,96.8
Puff Pastry - Sheets,Cerebral thermography,A21,18.43
Lettuce - Arugula,Canthotomy,A22,50.58
Fond - Chocolate,Destruc bartholin gland,A34,4.86
Pork - Smoked Back Bacon,Scrotum/tunic repair NEC,A41,75.46
Coffee Swiss Choc Almond,CV cath plcmt w guidance,A21,65
Ginger - Fresh,Totl reconst breast NEC,A30,35.47
Bagels Poppyseed,Excision of knee NEC,A38,10.25
Garlic - Elephant,Int inser lead in atrium,A20,28.11
Bandage - Flexible Neon,Esophag stricture repair,A29,62.96
Chinese Foods - Cantonese,Knee structure division,A44,96.28
Pastry - French Mini Assorted,Total ureterectomy,A01,71.06
Oven Mitts - 15 Inch,Tarsometatarsal fusion,A20,26.61
"Cheese - Woolwich Goat, Log",Subtotal mastectomy,A30,91.77
Wine - Ice Wine,Remove solitary fal tube,A15,21.25
Island Oasis - Strawberry,Int fixation-chest cage,A40,63.15
Sesame Seed,Nonoperative exams NEC,A40,98.81
Baking Powder,Orbitotomy w implant,A31,25.83
Wine - Clavet Saint Emilion,Routine psychiat visit,A32,78.41
"Gingerale - Schweppes, 355 Ml",Cl reduc dislocation NEC,A19,25.14
Wine - Pinot Noir Latour,Pancreatic tube irrigat,A22,23.74
Spice - Peppercorn Melange,Egd with closed biopsy,A48,23.12
Wine - Periguita Fonseca,Cranial osteoplasty NEC,A26,5.09
Browning Caramel Glace,Other repair of joint,A41,48.55
Pastry - Baked Scones - Mini,Destruc bartholin gland,A21,14.73
Milk - Skim,"Endo ins/re brnc val,mul",A17,28
Ezy Change Mophandle,"Imp crtd sinus stm,totl",A17,6.72
The Pop Shoppe - Root Beer,Gum biopsy,A34,41.15
Parasol Pick Stir Stick,"Repair of hip, NEC",A34,22.52
Smoked Paprika,Destruct esophag les NEC,A34,4.98
Blue Curacao - Marie Brizard,Bladder exstrophy repair,A11,47.68
Kellogs Special K Cereal,Replace indwelling cath,A36,35.02
Wonton Wrappers,Excision orbital lesion,A31,75.27
Bread - Crusty Italian Poly,Other acupuncture,A50,4.72
Hog / Sausage Casing - Pork,Other plastic ops muscle,A44,18.74
Creme De Menthe Green,Cystostomy irrigation,A19,8.93
Cookie Dough - Chocolate Chip,Lysis of hand adhesions,A21,88.39
"Bread - Rolls, Rye",Contrast bronchogram NEC,A22,54.08
Pork Ham Prager,Xtraoc mus op/detach NEC,A49,22.55
Cheese - Parmesan Cubes,Bone mineral density,A44,63.47
Juice - V8 Splash,Repair of hammer toe,A08,77.76
"Wine - Red, Cabernet Sauvignon",Excision of joint NEC,A43,35.14
Pears - Bosc,Tonsillectomy,A37,43.79
"Bread - White, Unsliced",Prosthet dental implant,A17,47.57
Eggplant Oriental,Instrument delivery NEC,A40,43.25
Wine - Chateau Timberlay,Lid marg lac rx-ful thic,A44,30.92
Grapes - Green,Type 5 tympanoplasty,A26,79.85
"Juice - V8, Tomato",Sm bowel-rect stump anas,A21,11.83
Chocolate - Mi - Amere Semi,Perc ather extracran vsl,A44,32.37
Pork - Smoked Back Bacon,Revise disc prosth NOS,A08,55.75
Tea - Earl Grey,Thorac esophagoenter NEC,A41,67.48
"Pasta - Fett Alfredo, Single Serve",Lap periton adhesiolysis,A08,6.35
"Rum - Dark, Bacardi, Black",Destruct-hip lesion NEC,A15,14
Potatoes - Pei 10 Oz,Symbleph rep w free grft,A10,8.4
"Wine - White, Pelee Island",Cryosurg destr rect les,A08,6.59
Goldschalger,Radical laryngectomy,A32,30.85
Chick Peas - Canned,Lap unilat oophorectomy,A40,89.66
Rambutan,Cls red-radius/ul epiphy,A15,15.42
Kolrabi,Lysis of nasal adhesions,A44,79.45
Beef - Top Butt Aaa,Prosthet/orthot training,A37,5.65
Food Colouring - Pink,Other skeletal x-ray,A32,17.74
Salt - Table,Opn abltn renal les/tiss,A48,66.25
Lidsoupcont Rp12dn,Unspec op-bone inj NEC,A40,67.74
Cafe Royale,Transab cerclage cervix,A10,53.26
"Chocolate - Milk, Callets",Endolymphatic shunt,A31,4.29
Cheese - La Sauvagine,Nonmag remov post seg FB,A38,8.3
"Pasta - Fett Alfredo, Single Serve",Remov intralum trach FB,A40,32.21
Sauce - Mint,Toxicology-upper urinary,A29,46.73
Soap - Hand Soap,Ureteral meatus dilation,A01,49.51
Blueberries,Loc exc bony palate les,A21,96.61
Tomatoes - Yellow Hot House,Subtalar fusion,A30,20.25
Wine - Coteaux Du Tricastin Ac,Replace upper limb cast,A15,1.68
Chips Potato All Dressed - 43g,Iridotomy NEC,A36,76.67
"Champagne - Brights, Dry",Imp epiretinal prosth,A32,31.75
"Asparagus - Green, Fresh",Lap rem gast restric dev,A01,45.49
Bag Clear 10 Lb,Other heat therapy,A31,70.83
V8 Pet,Tibia/fibula div NEC,A48,86.84
Honey - Liquid,Perianal excision NEC,A17,67.77
Barley - Pearl,Donor marrow aspiration,A36,91.27
Sauce - Cranberry,Tuberculosis vaccination,A20,90.95
Veal - Ground,Routine psychiat visit,A34,86.85
Nantucket - Orange Mango Cktl,Gastroscopy NEC,A10,16.71
Neckerchief Blck,Non-coronary IFVA,A08,91.65
Remy Red Berry Infusion,Keratomileusis,A37,28.6
Tea - Honey Green Tea,Repair retina detach NEC,A20,81.46
Lychee - Canned,Brain/skull contrst xray,A43,23.14
Mortadella,Cl reduc disloc NOS,A40,65.97
Cheese - Colby,Clos pharynx fistula NEC,A50,59.68
Food Colouring - Blue,Lap res transverse colon,A10,44.28
Sauce - Chili,Dx aspirat-ant chamber,A31,71.74
Appetizer - Assorted Box,Lap incis hern repr-grft,A26,47.03
Coffee - Frthy Coffee Crisp,Levator musc suspension,A40,49.3
Soup Campbells - Italian Wedding,Distal pancreatectomy,A40,78.42
Cod - Black Whole Fillet,Transjugular liver bx,A21,74.67
Bouq All Italian - Primerba,Lam keratplast w autgrft,A37,88.27
Wine - Lamancha Do Crianza,"Hip surface, metal/metal",A43,7.03
Kolrabi,Seminal vesicle excision,A38,61.31
Beans - Fine,Lid reconst w skin graft,A11,44.38
Energy Drink - Franks Pineapple,Implt/repl carddefib tot,A20,54.51
Cheese - Blue,Truncal vagotomy,A32,61.03
Oven Mitt - 13 Inch,Cl reduc disloc-hip,A11,24.13
Sauce - Salsa,Plast op hand w grft NEC,A43,61.57
"Crab - Claws, Snow 16 - 24",Open fx reduction NEC,A44,16.23
Nut - Pumpkin Seeds,Mid & inner ear biopsy,A13,68.3
Hog / Sausage Casing - Pork,Suture vas & epidid lac,A29,78.06
Chocolate - Chips Compound,Opn tricus valvuloplasty,A32,19.61
Nori Sea Weed,Conduit rt vent-pul art,A15,11.48
"Soup - Knorr, Ministrone",Endo pulm arwy flow msmt,A19,93.67
Vinegar - Balsamic,Permanent ileostomy NEC,A34,48.04
"Roe - Lump Fish, Red",Arth/pros rem wo rep NEC,A40,27.8
Wine - Valpolicella Masi,Opn tricus valvuloplasty,A22,89.03
Coffee - Ristretto Coffee Capsule,Bicycle ergometer test,A13,65.52
"Fish - Base, Bouillion",Therapeu plasmapheresis,A36,54.58
Bread - 10 Grain,Toxicology-spleen/marrow,A31,47.53
Kiwi Gold Zespri,Insert vasc access dev,A10,91.44
Lighter - Bbq,Cervical fistula repair,A26,37.47
Banana - Leaves,Tooth & gum dx proc NEC,A10,42.81
Juice - Happy Planet,Pituitary fossa explorat,A20,91.72
Squash - Sunburst,Eyelid operation NEC,A22,85.72
"Vodka - Lemon, Absolut",Insert recombinant BMP,A20,98.77
Rice - Basmati,Dye hysterosalpingogram,A37,43.58
Ketchup - Tomato,Int fixation-metatar/tar,A44,7.82
Duck - Fat,Aorta resection & anast,A40,34.07
Sugar Thermometer,Oth tib/fib repair/plast,A44,24.93
"Tart Shells - Sweet, 3",Surg corr invert uterus,A15,31.92
Wine - Sauvignon Blanc Oyster,Ocular prosthetics,A48,69.35
Beer - Sleemans Cream Ale,Insert colonic stent NEC,A34,20.99
Juice - Propel Sport,X-ray of gravid uterus,A15,90.73
Wine - Baron De Rothschild,Thorac part exisn thymus,A44,61.17
Flour - Strong Pizza,Destruc-shoulder les NEC,A50,40.83
Juice - Lemon,Open periph nerve biopsy,A31,39.96
Broom - Angled,Laparoscop gastroplasty,A19,36.39
"Doilies - 7, Paper",Smallpox vaccination,A37,67.38
The Pop Shoppe Pinapple,Impl CRT defibrillat sys,A48,10.99
Crackers - Graham,Other brain dx procedure,A13,5.15
Tea - Black Currant,Gum operation NEC,A08,42.35
Cognac - Courvaisier,Inf liquid brachy isotop,A11,2.11
Versatainer Nc - 8288,Incision of palate,A31,3.07
Cinnamon Rolls,Clinical hearing test,A43,50.59
Yoplait Drink,Wedge osteotomy NOS,A34,23.22
Easy Off Oven Cleaner,Mastoid incision,A36,76.17
"Cheese - Mozzarella, Buffalo",Tympanoplasty revision,A36,85.8
Jerusalem Artichoke,Occlude abd artery NEC,A22,74.49
Blouse / Shirt / Sweater,Insert bone stim-humerus,A36,9.42
Cookie Trail Mix,Ops assisting deliv NEC,A40,26.7
Ham - Procutinni,Vaginal operation NEC,A10,65.92
Veal - Inside,Esophageal operation NEC,A49,12.98
Fennel - Seeds,Lung transplant NOS,A01,74.18
Paper Cocktail Umberlla 80 - 180,Marrow diagnost proc NEC,A19,25.81
Long Island Ice Tea,Percu endosc jejunostomy,A38,75.23
"Bread - Crumbs, Bulk","Implant CCM,total system",A08,23.44
"Chocolate - Pistoles, Lactee, Milk",Opn bx larynx or trachea,A17,13.57
"Salmon - Atlantic, Skin On",Leg artery resect/anast,A19,12.42
Cookie Trail Mix,Thalamus operations,A36,3.02
"Tart Shells - Barquettes, Savory",Lap gastric restric proc,A20,46.01
Sauce - Rosee,Closure of mouth fistula,A34,39.4
Wine - Dubouef Macon - Villages,Rad dissect iliac nodes,A36,40.84
Beef - Prime Rib Aaa,Spermatocele aspiration,A48,55.5
Appetizer - Mango Chevre,Endosc retro pancreatog,A11,80.24
Juice - Cranberry 284ml,Incis vulva/perineum NEC,A38,25.77
Tart - Raisin And Pecan,Urethrostomy closure,A08,24.57
Wood Chips - Regular,Esophagostomy NOS,A37,53.44
Wine - Carmenere Casillero Del,Insert oropharyn airway,A08,96.51
Plastic Arrow Stir Stick,Contrast arteriogram-leg,A21,11.76
Lamb - Shoulder,Ocular thermography,A20,22.9
Lettuce - Red Leaf,Ureteropexy,A21,86.01
Lid - 0090 Clear,Amputation of penis,A49,20.38
Coriander - Seed,Lung operation NEC,A22,32.61
Banana,Eustachian tube ops,A38,8.43
Phyllo Dough,Replace nasal packing,A08,52.34
"Wine - Red, Mosaic Zweigelt",Other gu instillation,A26,24.8
Beef - Salted,Oth part ostectomy NOS,A10,10.29
Fennel,Reopen recent lap site,A21,53.8
Beef - Shank,Bact smear-bili/pancreas,A17,50.41
Juice - Propel Sport,Lac punctum obliteration,A11,65.87
Muffin Hinge 117n,Ext version-assist deliv,A20,44.25
Sherbet - Raspberry,Subtalr jt arthroereisis,A43,92.56
Black Currants,Delay opening enterostom,A01,41.42
Evaporated Milk - Skim,Remove bladder stimulat,A50,69.24
"Pasta - Detalini, White, Fresh",Lap rev gast restri proc,A36,13.69
Fireball Whisky,Percutan renal aspirat,A29,66.88
"Artichoke - Hearts, Canned",Cl fx reduc-femur,A17,88.7
Chocolate Bar - Reese Pieces,Sm bowel exteriorization,A37,63.56
Pastry - Apple Muffins - Mini,Endosc remove panc stone,A49,31.84
"Pork - Chop, Frenched",Relaxation of scar,A19,83.88
Fork - Plastic,Other thymus ops NOS,A34,56.39
Sprouts - Peppercress,Diagnost vitreous aspir,A08,2.67
Paste - Black Olive,Bone graft-tibia/fibula,A26,26.19
Wine - Sogrape Mateus Rose,Insert/replac skull tong,A50,13.13
Oil - Cooking Spray,Anterior chamber op NEC,A10,15.58
Calypso - Lemonade,Thymus transplantation,A10,39.4
"Beef - Ox Tail, Frozen",Choledochoenterostomy,A41,27.38
Chicken - Bones,Ossicular chain op NEC,A41,69.1
Sesame Seed,Other myectomy,A50,37.62
Pepper - Green Thai,Allogrft bone marrow NOS,A17,64.79
"Crab - Claws, 26 - 30",Thoracic vessel inc NEC,A22,16.57
Chocolate - Chips Compound,Rad pancreaticoduodenect,A29,42.26
Pork - Bacon Cooked Slcd,Ligate gastric varices,A01,72.17
Ecolab - Balanced Fusion,Rev hip repl-liner/head,A17,86.24
Cocktail Napkin Blue,Perc ins carotid stent,A44,75.22
"Pasta - Fett Alfredo, Single Serve",Rep cornea postop dehisc,A43,54.31
Flour Pastry Super Fine,Epiglottidectomy,A13,5.33
Tomatillo,Removal peri stim lead,A38,22.45
"Juice - V8, Tomato",Excis cyst duct remnant,A22,49.41
Coffee - Cafe Moreno,Tendon advancement,A21,57.99
"Wine - Bourgogne 2002, La",Remov cholecystost tube,A08,30.47
Pork - Liver,Transfer of finger,A26,97.31
Wine - Ice Wine,Contr abd arteriogrm NEC,A17,96.86
"Doilies - 7, Paper",Liver scan/isotope funct,A31,98.39
Longos - Chicken Wings,Close nephrost & pyelost,A15,72.31
Foam Tray S2,Lacrim sac/passage excis,A31,12.73
The Pop Shoppe - Root Beer,Pulmon art wedge monitor,A50,15.07
Jicama,Myringoplasty,A21,64.29
"Yogurt - Raspberry, 175 Gr",Forcib correct defor NEC,A26,44.52
Sauce - Oyster,Seminal vesicle excision,A32,29.71
"Soup - Knorr, Classic Can. Chili",Carotid pulse tracing,A15,38.93
Prunes - Pitted,Middle ear incision,A50,35.07
Langers - Mango Nectar,Tonometry,A13,88.18
"Star Anise, Whole",Retrogr cystourethrogram,A29,73.57
Pastry - Banana Muffin - Mini,Intravs msmt ves NEC/NOS,A49,14.82
Lettuce - California Mix,Int fixation-humerus,A30,61.8
"Wine - White, Pinot Grigio",Pelvimetry,A26,62.86
Parsley - Dried,Reduction anal prolapse,A38,71.76
Lemon Tarts,Delayed tendon suture,A31,97.59
Devonshire Cream,Residual root removal,A36,43.29
Cheese - Valancey,Scrotal les destruction,A29,38.59
Steampan - Half Size Shallow,Anal biopsy,A20,59.35
Beer - Pilsner Urquell,Incisional hernia repair,A31,46.93
Drambuie,Intra-amnion inj for ab,A41,85.4
Flour - Bread,Cul-de-sac biopsy,A10,54.84
Chicken Giblets,Suture penile laceration,A15,26.37
Flavouring Vanilla Artificial,Iontophoresis,A41,50.25
Wine - Sicilia Igt Nero Avola,Remove int penile prosth,A41,46.56
Wine - Casillero Del Diablo,Bone biopsy NOS,A13,65.96
Mint - Fresh,Remov intralum ear FB,A30,36.26
Piping Jelly - All Colours,Tooth implantation,A31,41.79
Maple Syrup,Ops assisting deliv NEC,A32,33.27
Filo Dough,Culture-peritoneum,A30,71.11
Lamb Leg - Bone - In Nz,Parasitology-op wound,A11,45.8
Wine - Two Oceans Cabernet,Limb lengthn-metatar/tar,A34,40.25
Truffle Shells - Semi - Sweet,Open valvuloplasty NOS,A15,20.87
Coffee - Espresso,Drsl/dslmb fus post/post,A10,63.97
"Juice - Cranberry, 341 Ml",Esophagogastroplasty,A50,38.25
Tea Peppermint,Lap total abdominal hyst,A41,75.47
Currants,Reopen thoracotomy site,A13,50.33
Pepper - Red Thai,Salivary operation NEC,A08,29.3
Capon - Whole,Neurolyt injec-symp nrv,A44,46.81
Wine - Chianti Classica Docg,Thoracic vessel inc NEC,A30,77.41
Lamb - Rack,Renal decapsulation,A30,22.8
"Asparagus - Green, Fresh",Periph nerv excision NEC,A32,50.89
"Cup - 6oz, Foam",Metacarp/carp inj op NOS,A36,8.69
Cranberries - Fresh,Abdomen region ops NEC,A36,7.96
Mustard - Individual Pkg,Revis ant seg op wnd NEC,A31,20.14
Monkfish Fresh - Skin Off,Tendon recession,A32,44.34
Wine - Port Late Bottled Vintage,Pneumoencephalogram,A31,95.84
Wine - Pinot Noir Mondavi Coastal,Vag diaphragm insertion,A34,85.84
Sea Urchin,Other local destruc skin,A43,43.14
Paper Towel Touchless,Delay opening ileostomy,A13,2.05
"Wine - White, Riesling, Semi - Dry",Tot face ostect w recons,A43,30.79
Dried Figs,Orbitotomy NEC,A17,68.23
Tobasco Sauce,Cleft palate correction,A36,96.45
Wine - Jafflin Bourgongone,Incision of nose,A48,2.32
"Beans - Kidney, Canned",Physical therapy NEC,A38,23.03
Wine - Balbach Riverside,Lap bil ing hern-grf NOS,A10,57.06
Paper Cocktail Umberlla 80 - 180,Anal operation NEC,A17,41.13
"Pineapple - Canned, Rings",Remov imp dev-metac/carp,A15,66.59
Cheese - Parmigiano Reggiano,Mesenteric repair NEC,A10,82.93
"Doilies - 5, Paper",Debrid opn fx-metac/car,A40,45.6
Container - Clear 16 Oz,Penile repair NEC,A13,91.76
Wine - Puligny Montrachet A.,Cesarean section NOS,A40,82.8
Ham - Cooked Italian,Excision of pilonid cyst,A21,37.99
Beans - Butter Lrg Lima,Particul teleradioth NEC,A26,16.99
"Pasta - Shells, Medium, Dry",Rev/repl epiretinal pros,A44,80.41
Pork - Ground,Audiometry,A22,6.44
Tofu - Firm,Mid-inner ear ops NEC,A29,15.31
"Lemonade - Island Tea, 591 Ml",Contrast arteriogram NOS,A19,3.26
"Juice - Pineapple, 48 Oz",Fallopian tube dilation,A38,16.11
Ezy Change Mophandle,Remov fallop tube prosth,A41,32.58
Sobe - Berry Energy,Blood vessel thermograph,A17,15.72
Foil Cont Round,Radius/ulna wedg osteoto,A50,25.86
Appetizer - Cheese Bites,Oth metacarp/carp incis,A48,8.71
Tea - Decaf Lipton,Atlas-axis fusion,A37,94.07
Liquid Aminios Acid - Braggs,Translum cor atherectomy,A40,98.11
Walkers Special Old Whiskey,Bact smear NOS,A20,21.68
"Wine - Red, Metus Rose",Metatar/tar division NEC,A13,70.79
Sauce - Mint,Oth salpingo-oophoroplas,A36,59.49
"Wine - White, Mosel Gold",Remove ventricle shunt,A43,40.21
Venison - Striploin,Gingivoplasty,A13,81.98
Jerusalem Artichoke,Apexcardiogram,A01,46.76
Apricots - Halves,Atmos press/compos contr,A40,27.15
Shrimp - Black Tiger 16/20,Retrograde pyelogram,A15,84.5
Wine - Sauvignon Blanc Oyster,Rhinoscopy,A13,88.22
Cabbage - Nappa,Manual reduc rect prolap,A36,6.77
"Salmon - Atlantic, Skin On",Barium swallow,A50,44.02
Steel Wool S.o.s,Lysis of tongue adhesion,A10,30.55
Chips - Doritos,Skull flap formation,A15,4.49
Macaroons - Homestyle Two Bit,Delay opening colostomy,A26,59.21
"Shrimp - 16/20, Peeled Deviened",Excision of mouth NEC,A34,94.66
Pork - European Side Bacon,2 int mam-cor art bypass,A37,16.76
Water - Aquafina Vitamin,Routine psychiat visit,A50,44.34
Creme De Menth - White,Pericardiotomy,A40,93.53
"Croissant, Raw - Mini",Patellar division NEC,A19,77.22
Peach - Halves,Bone graft to face bone,A29,22.98
Orange Roughy 6/8 Oz,Sequestrectomy NEC,A29,95.39
Soho Lychee Liqueur,Prostatic massage,A29,71.73
Cheese - Cheddar With Claret,Incision uterine septum,A36,18.4
"Pork - Sausage, Medium",Other pleural incision,A10,11.4
"Lamb - Whole, Fresh",Exc maj les lid ful-thic,A17,22.58
Table Cloth 90x90 White,Sphenoidectomy,A32,59.71
Muffin - Mix - Bran And Maple 15l,Jt structur division NOS,A22,64.67
Beans - Butter Lrg Lima,"LITT lesn brain,guidance",A08,22.24
Pork - European Side Bacon,Implant arm prosthesis,A36,20.15
"Wine - Red, Concha Y Toro",Thoracostomy closure,A31,47.32
Appetizer - Chicken Satay,Imp/rep CRT pacemakr gen,A10,14.45
Mace Ground,Cystoscopy thru stoma,A32,60.23
Wine - Sauvignon Blanc Oyster,Int/comb version no extr,A15,32.66
Ecolab - Solid Fusion,Spinal cord adhesiolysis,A10,84.17
"Soup - Clam Chowder, Dry Mix",Total hepatectomy,A08,73.02
Muffin Batt - Blueberry Passion,Other therapeutic ultsnd,A11,57.55
Wine - Wyndham Estate Bin 777,Ureterotomy,A19,14.57
Whmis - Spray Bottle Trigger,Play psychotherapy,A20,67.27
Flower - Dish Garden,Alcohol rehab/detox,A31,44.06
Cotton Wet Mop 16 Oz,Middle ear excision NEC,A29,49.62
"Appetizer - Spring Roll, Veg",Measles vaccination,A17,11.87
"Pasta - Lasagna Noodle, Frozen",Removal trunk FB NEC,A40,8.33
Pork - Backfat,Leg varicos v liga-strip,A37,6.34
Onions Granulated,"Hip surface, cermc/cermc",A15,83.33
Glaze - Clear,Other cast application,A10,83.49
Chocolate - White,Ins d-e stnt sup fem art,A48,62.75
"Tortillas - Flour, 10",Hand tenonectomy NEC,A10,67.83
Chef Hat 25cm,Closed aortic valvotomy,A01,32.77
Vaccum Bag - 14x20,Foot joint struct divis,A20,66.55
Bread - Olive Dinner Roll,Repair of hammer toe,A37,89.07
Ginger - Ground,Skull transilluminat,A22,64.03
Island Oasis - Pina Colada,Skull plate removal,A49,31.43
Poppy Seed,Other spinal dx proc,A11,59.92
Pork - Smoked Kassler,Intest seg isolat NOS,A40,56.26
Cod - Fillets,Electroretinogram,A31,21.97
Table Cloth 62x120 White,Retrograde pyelogram,A22,95.78
Wine - Prosecco Valdobiaddene,Open adrenal gland bx,A38,45.62
Peas Snow,Periph nerv excision NEC,A32,56.3
Beef - Tenderloin,Resect ext seg lg bowel,A29,30.19
Flower - Carnations,Endosc destru bile les,A29,80.07
"Croissant, Raw - Mini",Intracarot amobarb test,A38,65.89
Cheese - La Sauvagine,IVUS coronary vessels,A08,99.77
"Yogurt - Peach, 175 Gr",Annuloplasty,A48,94.67
Pastry - Banana Muffin - Mini,Bilat tubal destruct NEC,A13,3.18
Turkey Leg With Drum And Thigh,Clos thoracic fistul NEC,A41,14.06
Cookie Dough - Chunky,Small bowel suture NEC,A48,63.69
Icecream Bar - Del Monte,Partial salpingectom NEC,A40,47.12
Lettuce - Escarole,Op tot intr-abd colectmy,A34,98.11
Eel - Smoked,Fetal ops-facilitate del,A20,87
Wine - Sicilia Igt Nero Avola,Inject anticoagulant,A26,68.35
Wine - Guy Sage Touraine,Anorectal myomectomy,A36,65.1
Snapple Lemon Tea,Bone graft to face bone,A40,1.64
Bagels Poppyseed,Insert bone stimul-chest,A41,46.26
Bar Energy Chocchip,Remov post segmnt FB NOS,A20,64.15
Cookie Dough - Oatmeal Rasin,Prosthetic evaluation,A01,74.87
"Crab - Claws, 26 - 30",Thoracic spine x-ray NEC,A21,21.82
Cake - Night And Day Choclate,Corneal incision,A08,90.82
Apple - Custard,Vectorcardiogram,A01,11.39
"Sauce - Black Current, Dry Mix",Renal autotransplant,A30,73.25
Sour Puss Sour Apple,Other post segment ops,A36,39.45
"Pasta - Cappellini, Dry",Contr pulmon arteriogram,A31,44.46
Spice - Pepper Portions,Tot mandibulec w reconst,A01,72.71
Cardamon Seed / Pod,Arthroplasty carpal w/o,A17,10.08
Blackberries,Bladder les destruct NEC,A08,93.47
Pimento - Canned,Foot joint struct divis,A31,71.33
Wine - Chateauneuf Du Pape,Cell blk/pap-musculoskel,A13,97.32
Tobasco Sauce,C & s-lower GI,A44,72.09
Ginger - Crystalized,Transplantation of ovary,A17,39.22
Wasabi Powder,Spermatic cord ligation,A50,57.34
"Lid - High Heat, Super Clear",Common cold vaccination,A17,91.84
Bread - White Epi Baguette,Lap scervic hysterectomy,A30,86.57
"Cake Circle, Foil, Scallop",Adductor tenotomy of hip,A48,23.41
Shrimp - Black Tiger 13/15,Hand mus/ten/fas/ops NEC,A40,65.39
Kumquat,Sm bowel stoma revision,A08,35.15
Kale - Red,Insert 4+ vasculr stents,A21,85.59
"Wine - Harrow Estates, Vidal",Family therapy,A11,23.24
Truffle Shells - Semi - Sweet,Low forceps w episiotomy,A44,85.59
"Ranchero - Primerba, Paste",Surg vessel occlus NEC,A20,21.47
Quinoa,Nephrocystanastomosi NOS,A41,84.48
Sage - Ground,Polypectomy of rectum,A20,30.42
Pears - Anjou,Excision thyroid lesion,A08,18.58
Cotton Wet Mop 16 Oz,Adductor tenotomy of hip,A32,29.91
Clementine,Aorta-subclv-carot bypas,A15,59.23
Chips - Assorted,Resect abdm aorta w repl,A26,72.46
Hog / Sausage Casing - Pork,Cholangiogram NEC,A38,79.2
Soup Knorr Chili With Beans,Intestinal anastom NOS,A08,52.06
Extract - Raspberry,Cricopharyngeal myotomy,A26,45
"Tart Shells - Sweet, 4",Dx proc mediastinum NEC,A29,51.56
"Pasta - Lasagne, Fresh",Removal head/neck FB,A22,81.88
Wine - Penfolds Koonuga Hill,Exc pituit les-transfron,A15,80.55
Soup - Campbells Chili Veg,Blow therapeut into tube,A40,69.49
"Pasta - Penne Primavera, Single",Aspiration of testes,A15,93.44
Pepper - Green Thai,Contrast phlebogram NEC,A32,80.44
Pears - Fiorelle,CV cath plcmt w guidance,A17,47.7
Wine - Kwv Chenin Blanc South,Epididymovasostomy,A15,65.76
"Pepper - Julienne, Frozen",Perirectal excision,A01,98.39
Sobe - Orange Carrot,Percutan bartholin aspir,A49,27.67
Chocolate - Dark Callets,Placental scan,A13,86.17
"Flour - Corn, Fine",Insert colonic stent NEC,A10,90.58
Salmon Atl.whole 8 - 10 Lb,Open pancreatic biopsy,A34,69.61
"Beans - Navy, Dry",Oth dx proced-humerus,A41,20
Aspic - Light,Cardiopulm resuscita NOS,A36,58.1
Laundry - Bag Cloth,Destr sm bowel les NEC,A21,6.38
Filling - Mince Meat,Finger injury op NOS,A48,62.95
Mince Meat - Filling,Spermatic cord incision,A36,79.74
The Pop Shoppe - Root Beer,Chorioret les rad implan,A22,86.62
"Wine - Sherry Dry Sack, William",Perscr/fit/disp contacts,A49,58.16
Wine - Cave Springs Dry Riesling,Retrogr cystourethrogram,A32,45.22
"Syrup - Monin, Irish Cream",Blood expander transfus,A41,93.56
Glass Clear 7 Oz Xl,Sinus punct for lavage,A17,57.33
Bag - Clear 7 Lb,Remov other genit device,A34,6.96
Stock - Fish,Stretching of foreskin,A41,71.57
"Nut - Walnut, Chopped",Bone grft to metacar/car,A34,81.76
"Melon - Watermelon, Seedless",Subtotal mastectomy,A36,67.87
Eggplant - Regular,Lap abd rep-diaphr hern,A37,80.81
Eggplant - Asian,Cystocele repair,A38,33.28
Nougat - Paste / Cream,Destruct esophag les NEC,A40,1.34
Shiratamako - Rice Flour,Exposure of tooth,A08,48.58
Wine - Stoneliegh Sauvignon,Removal spine stim lead,A36,23.72
Lid Tray - 16in Dome,Remov skel musc stimulat,A21,88.3
Onion - Dried,Incisional hernia repair,A01,56.99
"Lemonade - Black Cherry, 591 Ml",Opn thorc diaph hern NEC,A48,55.73
Cotton Wet Mop 16 Oz,Pancreatic dx proc NEC,A48,83.78
"Oil - Food, Lacquer Spray",Open reduct tm dislocat,A10,56.38
Coffee - Ristretto Coffee Capsule,Varicose v lig-strip NOS,A32,92.66
"Doilies - 5, Paper",Abdominal vein excision,A26,33.49
Salad Dressing,Operation on lens NEC,A01,12.42
"Carrots - Mini, Stem On",Lap lys perivesureth adh,A43,76.71
Jameson Irish Whiskey,Excision lingual tonsil,A19,6.57
Pastry - Raisin Muffin - Mini,Packed cell transfusion,A10,14.7
Wine - Montecillo Rioja Crianza,Contrast renal arteriogr,A11,22.94
Worcestershire Sauce,Quadricepsplasty,A31,94.24
"Fish - Artic Char, Cold Smoked",Implt cochlear prost NOS,A29,92.34
Coffee Cup 16oz Foam,Platelet transfusion,A17,96.08
Pork - Side Ribs,Remov pyelos/nephros tub,A40,84.98
Water - Spring Water 500ml,Bilat rad neck dissect,A38,63.36
"Sauce - Soya, Dark",Insert palatal implant,A15,52.33
Rice - Basmati,Deciduous tooth extract,A37,8.01
Cod - Black Whole Fillet,Inject ca chemother NEC,A40,15.76
"Beef - Bones, Cut - Up",Cl fx reduc-int fix NEC,A08,64.23
"Iced Tea - Lemon, 460 Ml",Rad excis ext ear les,A11,36.12
Lettuce - Green Leaf,Pharyngeal diverticulec,A17,84.64
Muffin - Carrot Individual Wrap,Esophagoscopy by incis,A17,32.33
Cookie Dough - Double,Ocular thermography,A20,55.42
Nestea - Iced Tea,Other plastic ops muscle,A15,23.16
Swiss Chard - Red,Opn fx red w int fix NOS,A41,41.76
Pea - Snow,Rejected kidney nephrect,A41,38.06
Wine - Redchard Merritt,Dx ultrasound NEC,A48,52.46
"Rum - Light, Captain Morgan",Pituitary fossa explorat,A17,83.69
Muffins - Assorted,Cystourethroplasty,A29,53.15
Vinegar - Champagne,Incision of chest wall,A44,1.77
"Chilli Paste, Hot Sambal Oelek",Incision of nose,A08,72
Truffle - Peelings,Closed bronchial biopsy,A08,40.25
V8 - Vegetable Cocktail,Rad subtot pancreatectom,A17,64.64
Basil - Pesto Sauce,Infus immunosup antibody,A29,66.45
"Lobster - Baby, Boiled",Pancreat sphincterotom,A15,55.66
Bulgar,Scrotum & tunica i & d,A08,43.91
Wine - Beaujolais Villages,Oth spinal thecal shunt,A10,88.96
Lettuce - Belgian Endive,Inject/infus nesiritide,A01,85.44
Energy Drink - Franks Original,Parasitology-musculoskel,A31,68.33
Wine - Sauvignon Blanc,Testicular repair NEC,A30,70.85
Wiberg Cure,Ankle joint biopsy,A15,44.93
Black Currants,Testes dx procedure NEC,A41,66.23
"Bread - White, Sliced",Oth arthrotomy-ankle,A01,78.41
Sauce - Plum,Total body perfusion,A29,8.17
Huck Towels White,Uterine support op NEC,A36,81.43
Bagel - Ched Chs Presliced,Oth metacarp/carp incis,A15,23.25
Table Cloth 54x54 White,Implt cardiodefib genatr,A11,75.27
Soup - Cream Of Potato / Leek,Occlude leg vein NEC,A44,95.7
Squid - U 5,Pancreat sphincterotom,A30,49.31
"Crush - Orange, 355ml",Retroperiton pneumogram,A15,61.1
"Pork - Loin, Center Cut",Systemic-pulm art shunt,A10,19.8
"Pork - Loin, Center Cut",Heart aneurysm excision,A43,26.6
Sole - Iqf,Hysteroscopy,A43,53.59
Sweet Pea Sprouts,Refus drs/drslmb ant/ant,A41,70.64
Curry Paste - Green Masala,Other bone division NOS,A22,79.56
Sugar - Fine,Routine psychiat visit,A37,72.31
"Pork - Bacon,back Peameal",Elbow structure division,A36,56.39
"Trout - Rainbow, Fresh",Tongue dx procedure NEC,A19,66.34
"Brownies - Two Bite, Chocolate",Bil exten rad mastectomy,A34,50.25
